Branch,Connected To
Main Showroom,Kalma Chowk,DHA,Askari 10,Kalma Chowk,DHA,Askari 10,alpha,dorado,Kalma Chowk,Kalma Chowk,DHA,DHA,Askari 10,Askari 10,alpha,dorado,Gulberg,Kalma Chowk,Kalma Chowk,Kalma Chowk,Kalma Chowk,DHA,DHA,DHA,DHA,Askari 10,Askari 10,Askari 10,Askari 10,alpha,alpha,dorado,dorado,Gulberg,Shahdrah,Kalma Chowk,Kalma Chowk,Kalma Chowk,Kalma Chowk,Kalma Chowk,Kalma Chowk,Kalma Chowk,Kalma Chowk,DHA,DHA,DHA,DHA,DHA,DHA,DHA,DHA,Askari 10,Askari 10,Askari 10,Askari 10,Askari 10,Askari 10,Askari 10,Askari 10,alpha,alpha,alpha,alpha,dorado,dorado,dorado,dorado,Gulberg,Gulberg,Shahdrah,,Kalma Chowk,Kalma Chowk,Kalma Chowk,Kalma Chowk,Kalma Chowk,Kalma Chowk,Kalma Chowk,Kalma Chowk,Kalma Chowk,Kalma Chowk,Kalma Chowk,Kalma Chowk,Kalma Chowk,Kalma Chowk,Kalma Chowk,Kalma Chowk,DHA,DHA,DHA,DHA,DHA,DHA,DHA,DHA,DHA,DHA,DHA,DHA,DHA,DHA,DHA,DHA,Askari 10,Askari 10,Askari 10,Askari 10,Askari 10,Askari 10,Askari 10,Askari 10,Askari 10,Askari 10,Askari 10,Askari 10,Askari 10,Askari 10,Askari 10,Askari 10,alpha,alpha,alpha,alpha,alpha,alpha,alpha,alpha,dorado,dorado,dorado,dorado,dorado,dorado,dorado,dorado,Gulberg,Gulberg,Gulberg,Gulberg,Shahdrah,Shahdrah,,Gulberg,Kalma Chowk,Kalma Chowk,Kalma Chowk,Kalma Chowk,Kalma Chowk,Kalma Chowk,Kalma Chowk,Kalma Chowk,Kalma Chowk,Kalma Chowk,Kalma Chowk,Kalma Chowk,Kalma Chowk,Kalma Chowk,Kalma Chowk,Kalma Chowk,Kalma Chowk,Kalma Chowk,Kalma Chowk,Kalma Chowk,Kalma Chowk,Kalma Chowk,Kalma Chowk,Kalma Chowk,Kalma Chowk,Kalma Chowk,Kalma Chowk,Kalma Chowk,Kalma Chowk,Kalma Chowk,Kalma Chowk,Kalma Chowk,Askari 10,Askari 10,Askari 10,Askari 10,Askari 10,Askari 10,Askari 10,Askari 10,Askari 10,Askari 10,Askari 10,Askari 10,Askari 10,Askari 10,Askari 10,Askari 10,Askari 10,Askari 10,Askari 10,Askari 10,Askari 10,Askari 10,Askari 10,Askari 10,Askari 10,Askari 10,Askari 10,Askari 10,Askari 10,Askari 10,Askari 10,Askari 10,alpha,alpha,alpha,alpha,alpha,alpha,alpha,alpha,alpha,alpha,alpha,alpha,alpha,alpha,alpha,alpha,dorado,dorado,dorado,dorado,dorado,dorado,dorado,dorado,dorado,dorado,dorado,dorado,dorado,dorado,dorado,dorado,Shahdrah,Shahdrah,Shahdrah,Shahdrah,Gulberg,Karachi,Kalma Chowk,Kalma Chowk,Kalma Chowk,Kalma Chowk,Kalma Chowk,Kalma Chowk,Kalma Chowk,Kalma Chowk,Kalma Chowk,Kalma Chowk,Kalma Chowk,Kalma Chowk,Kalma Chowk,Kalma Chowk,Kalma Chowk,Kalma Chowk,Kalma Chowk,Kalma Chowk,Kalma Chowk,Kalma Chowk,Kalma Chowk,Kalma Chowk,Kalma Chowk,Kalma Chowk,Kalma Chowk,Kalma Chowk,Kalma Chowk,Kalma Chowk,Kalma Chowk,Kalma Chowk,Kalma Chowk,Kalma Chowk,Kalma Chowk,Kalma Chowk,Kalma Chowk,Kalma Chowk,Kalma Chowk,Kalma Chowk,Kalma Chowk,Kalma Chowk,Kalma Chowk,Kalma Chowk,Kalma Chowk,Kalma Chowk,Kalma Chowk,Kalma Chowk,Kalma Chowk,Kalma Chowk,Kalma Chowk,Kalma Chowk,Kalma Chowk,Kalma Chowk,Kalma Chowk,Kalma Chowk,Kalma Chowk,Kalma Chowk,Kalma Chowk,Kalma Chowk,Kalma Chowk,Kalma Chowk,Kalma Chowk,Kalma Chowk,Kalma Chowk,Kalma Chowk,DHA,DHA,DHA,DHA,DHA,DHA,DHA,DHA,DHA,DHA,DHA,DHA,DHA,DHA,DHA,DHA,DHA,DHA,DHA,DHA,DHA,DHA,DHA,DHA,DHA,DHA,DHA,DHA,DHA,DHA,DHA,DHA,Askari 10,Askari 10,Askari 10,Askari 10,Askari 10,Askari 10,Askari 10,Askari 10,Askari 10,Askari 10,Askari 10,Askari 10,Askari 10,Askari 10,Askari 10,Askari 10,Askari 10,Askari 10,Askari 10,Askari 10,Askari 10,Askari 10,Askari 10,Askari 10,Askari 10,Askari 10,Askari 10,Askari 10,Askari 10,Askari 10,Askari 10,Askari 10,Askari 10,Askari 10,Askari 10,Askari 10,Askari 10,Askari 10,Askari 10,Askari 10,Askari 10,Askari 10,Askari 10,Askari 10,Askari 10,Askari 10,Askari 10,Askari 10,Askari 10,Askari 10,Askari 10,Askari 10,Askari 10,Askari 10,Askari 10,Askari 10,Askari 10,Askari 10,Askari 10,Askari 10,Askari 10,Askari 10,Askari 10,Askari 10,alpha,alpha,alpha,alpha,alpha,alpha,alpha,alpha,alpha,alpha,alpha,alpha,alpha,alpha,alpha,alpha,alpha,alpha,alpha,alpha,alpha,alpha,alpha,alpha,alpha,alpha,alpha,alpha,alpha,alpha,alpha,alpha,dorado,dorado,dorado,dorado,dorado,dorado,dorado,dorado,dorado,dorado,dorado,dorado,dorado,dorado,dorado,dorado,dorado,dorado,dorado,dorado,dorado,dorado,dorado,dorado,dorado,dorado,dorado,dorado,dorado,dorado,dorado,dorado,Gulberg,Gulberg,Gulberg,Gulberg,Gulberg,Gulberg,Gulberg,Gulberg,Gulberg,Gulberg,Shahdrah,Shahdrah,Shahdrah,Shahdrah,Shahdrah,Shahdrah,Shahdrah,Shahdrah,,,karachi,islamabad,Kalma Chowk,Kalma Chowk,Kalma Chowk,Kalma Chowk,Kalma Chowk,Kalma Chowk,Kalma Chowk,Kalma Chowk,Kalma Chowk,Kalma Chowk,Kalma Chowk,Kalma Chowk,Kalma Chowk,Kalma Chowk,Kalma Chowk,Kalma Chowk,Kalma Chowk,Kalma Chowk,Kalma Chowk,Kalma Chowk,Kalma Chowk,Kalma Chowk,Kalma Chowk,Kalma Chowk,Kalma Chowk,Kalma Chowk,Kalma Chowk,Kalma Chowk,Kalma Chowk,Kalma Chowk,Kalma Chowk,Kalma Chowk,Kalma Chowk,Kalma Chowk,Kalma Chowk,Kalma Chowk,Kalma Chowk,Kalma Chowk,Kalma Chowk,Kalma Chowk,Kalma Chowk,Kalma Chowk,Kalma Chowk,Kalma Chowk,Kalma Chowk,Kalma Chowk,Kalma Chowk,Kalma Chowk,Kalma Chowk,Kalma Chowk,Kalma Chowk,Kalma Chowk,Kalma Chowk,Kalma Chowk,Kalma Chowk,Kalma Chowk,Kalma Chowk,Kalma Chowk,Kalma Chowk,Kalma Chowk,Kalma Chowk,Kalma Chowk,Kalma Chowk,Kalma Chowk,Kalma Chowk,Kalma Chowk,Kalma Chowk,Kalma Chowk,Kalma Chowk,Kalma Chowk,Kalma Chowk,Kalma Chowk,Kalma Chowk,Kalma Chowk,Kalma Chowk,Kalma Chowk,Kalma Chowk,Kalma Chowk,Kalma Chowk,Kalma Chowk,Kalma Chowk,Kalma Chowk,Kalma Chowk,Kalma Chowk,Kalma Chowk,Kalma Chowk,Kalma Chowk,Kalma Chowk,Kalma Chowk,Kalma Chowk,Kalma Chowk,Kalma Chowk,Kalma Chowk,Kalma Chowk,Kalma Chowk,Kalma Chowk,Kalma Chowk,Kalma Chowk,Kalma Chowk,Kalma Chowk,Kalma Chowk,Kalma Chowk,Kalma Chowk,Kalma Chowk,Kalma Chowk,Kalma Chowk,Kalma Chowk,Kalma Chowk,Kalma Chowk,Kalma Chowk,Kalma Chowk,Kalma Chowk,Kalma Chowk,Kalma Chowk,Kalma Chowk,Kalma Chowk,Kalma Chowk,Kalma Chowk,Kalma Chowk,Kalma Chowk,Kalma Chowk,Kalma Chowk,Kalma Chowk,Kalma Chowk,Kalma Chowk,Kalma Chowk,Kalma Chowk,Kalma Chowk,DHA,DHA,DHA,DHA,DHA,DHA,DHA,DHA,DHA,DHA,DHA,DHA,DHA,DHA,DHA,DHA,DHA,DHA,DHA,DHA,DHA,DHA,DHA,DHA,DHA,DHA,DHA,DHA,DHA,DHA,DHA,DHA,DHA,DHA,DHA,DHA,DHA,DHA,DHA,DHA,DHA,DHA,DHA,DHA,DHA,DHA,DHA,DHA,DHA,DHA,DHA,DHA,DHA,DHA,DHA,DHA,DHA,DHA,DHA,DHA,DHA,DHA,DHA,DHA,Askari 10,Askari 10,Askari 10,Askari 10,Askari 10,Askari 10,Askari 10,Askari 10,Askari 10,Askari 10,Askari 10,Askari 10,Askari 10,Askari 10,Askari 10,Askari 10,Askari 10,Askari 10,Askari 10,Askari 10,Askari 10,Askari 10,Askari 10,Askari 10,Askari 10,Askari 10,Askari 10,Askari 10,Askari 10,Askari 10,Askari 10,Askari 10,Askari 10,Askari 10,Askari 10,Askari 10,Askari 10,Askari 10,Askari 10,Askari 10,Askari 10,Askari 10,Askari 10,Askari 10,Askari 10,Askari 10,Askari 10,Askari 10,Askari 10,Askari 10,Askari 10,Askari 10,Askari 10,Askari 10,Askari 10,Askari 10,Askari 10,Askari 10,Askari 10,Askari 10,Askari 10,Askari 10,Askari 10,Askari 10,Askari 10,Askari 10,Askari 10,Askari 10,Askari 10,Askari 10,Askari 10,Askari 10,Askari 10,Askari 10,Askari 10,Askari 10,Askari 10,Askari 10,Askari 10,Askari 10,Askari 10,Askari 10,Askari 10,Askari 10,Askari 10,Askari 10,Askari 10,Askari 10,Askari 10,Askari 10,Askari 10,Askari 10,Askari 10,Askari 10,Askari 10,Askari 10,Askari 10,Askari 10,Askari 10,Askari 10,Askari 10,Askari 10,Askari 10,Askari 10,Askari 10,Askari 10,Askari 10,Askari 10,Askari 10,Askari 10,Askari 10,Askari 10,Askari 10,Askari 10,Askari 10,Askari 10,Askari 10,Askari 10,Askari 10,Askari 10,Askari 10,Askari 10,Askari 10,Askari 10,Askari 10,Askari 10,Askari 10,Askari 10,alpha,alpha,alpha,alpha,alpha,alpha,alpha,alpha,alpha,alpha,alpha,alpha,alpha,alpha,alpha,alpha,alpha,alpha,alpha,alpha,alpha,alpha,alpha,alpha,alpha,alpha,alpha,alpha,alpha,alpha,alpha,alpha,alpha,alpha,alpha,alpha,alpha,alpha,alpha,alpha,alpha,alpha,alpha,alpha,alpha,alpha,alpha,alpha,alpha,alpha,alpha,alpha,alpha,alpha,alpha,alpha,alpha,alpha,alpha,alpha,alpha,alpha,alpha,alpha,dorado,dorado,dorado,dorado,dorado,dorado,dorado,dorado,dorado,dorado,dorado,dorado,dorado,dorado,dorado,dorado,dorado,dorado,dorado,dorado,dorado,dorado,dorado,dorado,dorado,dorado,dorado,dorado,dorado,dorado,dorado,dorado,dorado,dorado,dorado,dorado,dorado,dorado,dorado,dorado,dorado,dorado,dorado,dorado,dorado,dorado,dorado,dorado,dorado,dorado,dorado,dorado,dorado,dorado,dorado,dorado,dorado,dorado,dorado,dorado,dorado,dorado,dorado,dorado,Gulberg,Gulberg,Gulberg,Gulberg,Gulberg,Gulberg,Gulberg,Gulberg,Gulberg,Gulberg,Gulberg,Gulberg,Gulberg,Gulberg,Gulberg,Gulberg,Gulberg,Gulberg,Gulberg,Gulberg,Shahdrah,Shahdrah,Shahdrah,Shahdrah,Shahdrah,Shahdrah,Shahdrah,Shahdrah,Shahdrah,Shahdrah,Shahdrah,Shahdrah,Shahdrah,Shahdrah,Shahdrah,Shahdrah,,,,,Karachi,karachi,islamabad,DHA,DHA,DHA,DHA,DHA,DHA,DHA,DHA,DHA,DHA,DHA,DHA,DHA,DHA,DHA,DHA,DHA,DHA,DHA,DHA,DHA,DHA,DHA,DHA,DHA,DHA,DHA,DHA
Kalma Chowk,Main Showroom,Main Showroom,Main Showroom,Main Showroom,Main Showroom,Main Showroom,Main Showroom,Main Showroom,Main Showroom,Main Showroom,Main Showroom,Main Showroom,Main Showroom,Main Showroom,Main Showroom,Main Showroom,Main Showroom,Main Showroom,Main Showroom,Main Showroom,Main Showroom,Main Showroom,Main Showroom,Main Showroom,Main Showroom,Main Showroom,Main Showroom,Main Showroom,Main Showroom,Main Showroom,Main Showroom,Main Showroom,Main Showroom,Main Showroom,Main Showroom,Main Showroom,Main Showroom,Main Showroom,Main Showroom,Main Showroom,Main Showroom,Main Showroom,Main Showroom,Main Showroom,Main Showroom,Main Showroom,Main Showroom,Main Showroom,Main Showroom,Main Showroom,Main Showroom,Main Showroom,Main Showroom,Main Showroom,Main Showroom,Main Showroom,Main Showroom,Main Showroom,Main Showroom,Main Showroom,Main Showroom,Main Showroom,Main Showroom,Main Showroom,Main Showroom,Main Showroom,Main Showroom,Main Showroom,Main Showroom,Main Showroom,Main Showroom,Main Showroom,Main Showroom,Main Showroom,Main Showroom,Main Showroom,Main Showroom,Main Showroom,Main Showroom,Main Showroom,Main Showroom,Main Showroom,Main Showroom,Main Showroom,Main Showroom,Main Showroom,Main Showroom,Main Showroom,Main Showroom,Main Showroom,Main Showroom,Main Showroom,Main Showroom,Main Showroom,Main Showroom,Main Showroom,Main Showroom,Main Showroom,Main Showroom,Main Showroom,Main Showroom,Main Showroom,Main Showroom,Main Showroom,Main Showroom,Main Showroom,Main Showroom,Main Showroom,Main Showroom,Main Showroom,Main Showroom,Main Showroom,Main Showroom,Main Showroom,Main Showroom,Main Showroom,Main Showroom,Main Showroom,Main Showroom,Main Showroom,Main Showroom,Main Showroom,Main Showroom,Main Showroom,Main Showroom,Main Showroom,Main Showroom,Main Showroom,Main Showroom,Main Showroom,Main Showroom,Main Showroom,Main Showroom,Main Showroom,Main Showroom,Main Showroom,Main Showroom,Main Showroom,Main Showroom,Main Showroom,Main Showroom,Main Showroom,Main Showroom,Main Showroom,Main Showroom,Main Showroom,Main Showroom,Main Showroom,Main Showroom,Main Showroom,Main Showroom,Main Showroom,Main Showroom,Main Showroom,Main Showroom,Main Showroom,Main Showroom,Main Showroom,Main Showroom,Main Showroom,Main Showroom,Main Showroom,Main Showroom,Main Showroom,Main Showroom,Main Showroom,Main Showroom,Main Showroom,Main Showroom,Main Showroom,Main Showroom,Main Showroom,Main Showroom,Main Showroom,Main Showroom,Main Showroom,Main Showroom,Main Showroom,Main Showroom,Main Showroom,Main Showroom,Main Showroom,Main Showroom,Main Showroom,Main Showroom,Main Showroom,Main Showroom,Main Showroom,Main Showroom,Main Showroom,Main Showroom,Main Showroom,Main Showroom,Main Showroom,Main Showroom,Main Showroom,Main Showroom,Main Showroom,Main Showroom,Main Showroom,Main Showroom,Main Showroom,Main Showroom,Main Showroom,Main Showroom,Main Showroom,Main Showroom,Main Showroom,Main Showroom,Main Showroom,Main Showroom,Main Showroom,Main Showroom,Main Showroom,Main Showroom,Main Showroom,Main Showroom,Main Showroom,Main Showroom,Main Showroom,Main Showroom,Main Showroom,Main Showroom,Main Showroom,Main Showroom,Main Showroom,Main Showroom,Main Showroom,Main Showroom,Main Showroom,Main Showroom,Main Showroom,Main Showroom,Main Showroom,Main Showroom,Main Showroom,Main Showroom,Main Showroom,Main Showroom,Main Showroom,Main Showroom,Main Showroom,Main Showroom,Main Showroom,Main Showroom,Main Showroom,Main Showroom,Main Showroom,Main Showroom,Main Showroom,Main Showroom,Main Showroom,Main Showroom,Main Showroom,Main Showroom,Main Showroom
Askari 10,Main Showroom,Main Showroom,Main Showroom,Main Showroom,Main Showroom,Main Showroom,Main Showroom,Main Showroom,Main Showroom,Main Showroom,Main Showroom,Main Showroom,Main Showroom,Main Showroom,Main Showroom,Main Showroom,Main Showroom,Main Showroom,Main Showroom,Main Showroom,Main Showroom,Main Showroom,Main Showroom,Main Showroom,Main Showroom,Main Showroom,Main Showroom,Main Showroom,Main Showroom,Main Showroom,Main Showroom,Main Showroom,Main Showroom,Main Showroom,Main Showroom,Main Showroom,Main Showroom,Main Showroom,Main Showroom,Main Showroom,Main Showroom,Main Showroom,Main Showroom,Main Showroom,Main Showroom,Main Showroom,Main Showroom,Main Showroom,Main Showroom,Main Showroom,Main Showroom,Main Showroom,Main Showroom,Main Showroom,Main Showroom,Main Showroom,Main Showroom,Main Showroom,Main Showroom,Main Showroom,Main Showroom,Main Showroom,Main Showroom,Main Showroom,Main Showroom,Main Showroom,Main Showroom,Main Showroom,Main Showroom,Main Showroom,Main Showroom,Main Showroom,Main Showroom,Main Showroom,Main Showroom,Main Showroom,Main Showroom,Main Showroom,Main Showroom,Main Showroom,Main Showroom,Main Showroom,Main Showroom,Main Showroom,Main Showroom,Main Showroom,Main Showroom,Main Showroom,Main Showroom,Main Showroom,Main Showroom,Main Showroom,Main Showroom,Main Showroom,Main Showroom,Main Showroom,Main Showroom,Main Showroom,Main Showroom,Main Showroom,Main Showroom,Main Showroom,Main Showroom,Main Showroom,Main Showroom,Main Showroom,Main Showroom,Main Showroom,Main Showroom,Main Showroom,Main Showroom,Main Showroom,Main Showroom,Main Showroom,Main Showroom,Main Showroom,Main Showroom,Main Showroom,Main Showroom,Main Showroom,Main Showroom,Main Showroom,Main Showroom,Main Showroom,Main Showroom,Main Showroom,Main Showroom,Main Showroom,Main Showroom,Main Showroom,Main Showroom,Main Showroom,Main Showroom,Main Showroom,Main Showroom,Main Showroom,Main Showroom,Main Showroom,Main Showroom,Main Showroom,Main Showroom,Main Showroom,Main Showroom,Main Showroom,Main Showroom,Main Showroom,Main Showroom,Main Showroom,Main Showroom,Main Showroom,Main Showroom,Main Showroom,Main Showroom,Main Showroom,Main Showroom,Main Showroom,Main Showroom,Main Showroom,Main Showroom,Main Showroom,Main Showroom,Main Showroom,Main Showroom,Main Showroom,Main Showroom,Main Showroom,Main Showroom,Main Showroom,Main Showroom,Main Showroom,Main Showroom,Main Showroom,Main Showroom,Main Showroom,Main Showroom,Main Showroom,Main Showroom,Main Showroom,Main Showroom,Main Showroom,Main Showroom,Main Showroom,Main Showroom,Main Showroom,Main Showroom,Main Showroom,Main Showroom,Main Showroom,Main Showroom,Main Showroom,Main Showroom,Main Showroom,Main Showroom,Main Showroom,Main Showroom,Main Showroom,Main Showroom,Main Showroom,Main Showroom,Main Showroom,Main Showroom,Main Showroom,Main Showroom,Main Showroom,Main Showroom,Main Showroom,Main Showroom,Main Showroom,Main Showroom,Main Showroom,Main Showroom,Main Showroom,Main Showroom,Main Showroom,Main Showroom,Main Showroom,Main Showroom,Main Showroom,Main Showroom,Main Showroom,Main Showroom,Main Showroom,Main Showroom,Main Showroom,Main Showroom,Main Showroom,Main Showroom,Main Showroom,Main Showroom,Main Showroom,Main Showroom,Main Showroom,Main Showroom,Main Showroom,Main Showroom,Main Showroom,Main Showroom,Main Showroom,Main Showroom,Main Showroom,Main Showroom,Main Showroom,Main Showroom,Main Showroom,Main Showroom,Main Showroom,Main Showroom,Main Showroom,Main Showroom,Main Showroom,Main Showroom,Main Showroom,Main Showroom,Main Showroom,Main Showroom,Main Showroom,Shahdrah,Shahdrah,Shahdrah,Shahdrah,Shahdrah,Shahdrah,Shahdrah,Shahdrah,Shahdrah,Shahdrah,Shahdrah,Shahdrah,Shahdrah,Shahdrah,Shahdrah,Shahdrah,Shahdrah,Shahdrah,Shahdrah,Shahdrah,Shahdrah,Shahdrah,Shahdrah,Shahdrah,Shahdrah,Shahdrah,Shahdrah,Shahdrah,Shahdrah,Shahdrah,Shahdrah,Shahdrah,Shahdrah,Shahdrah,Shahdrah,Shahdrah,Shahdrah,Shahdrah,Shahdrah,Shahdrah,Shahdrah,Shahdrah,Shahdrah,Shahdrah,Shahdrah,Shahdrah,Shahdrah,Shahdrah,Shahdrah,Shahdrah,Shahdrah,Shahdrah,Shahdrah,Shahdrah,Shahdrah,Shahdrah,Shahdrah,Shahdrah,Shahdrah,Shahdrah,Shahdrah,Shahdrah,Shahdrah,Shahdrah,Shahdrah,Shahdrah,Shahdrah,Shahdrah,Shahdrah,Shahdrah,Shahdrah,Shahdrah,Shahdrah,Shahdrah,Shahdrah,Shahdrah,Shahdrah,Shahdrah,Shahdrah,Shahdrah,Shahdrah,Shahdrah,Shahdrah,Shahdrah,Shahdrah,Shahdrah,Shahdrah,Shahdrah,Shahdrah,Shahdrah,Shahdrah,Shahdrah,Shahdrah,Shahdrah,Shahdrah,Shahdrah,Shahdrah,Shahdrah,Shahdrah,Shahdrah,Shahdrah,Shahdrah,Shahdrah,Shahdrah,Shahdrah,Shahdrah,Shahdrah,Shahdrah,Shahdrah,Shahdrah,Shahdrah,Shahdrah,Shahdrah,Shahdrah,Shahdrah,Shahdrah,Shahdrah,Shahdrah,Shahdrah,Shahdrah,Shahdrah,Shahdrah,Shahdrah,Shahdrah,Shahdrah,Shahdrah,Shahdrah,Shahdrah
alpha,Main Showroom,Main Showroom,Main Showroom,Main Showroom,Main Showroom,Main Showroom,Main Showroom,Main Showroom,Main Showroom,Main Showroom,Main Showroom,Main Showroom,Main Showroom,Main Showroom,Main Showroom,Main Showroom,Main Showroom,Main Showroom,Main Showroom,Main Showroom,Main Showroom,Main Showroom,Main Showroom,Main Showroom,Main Showroom,Main Showroom,Main Showroom,Main Showroom,Main Showroom,Main Showroom,Main Showroom,Main Showroom,Main Showroom,Main Showroom,Main Showroom,Main Showroom,Main Showroom,Main Showroom,Main Showroom,Main Showroom,Main Showroom,Main Showroom,Main Showroom,Main Showroom,Main Showroom,Main Showroom,Main Showroom,Main Showroom,Main Showroom,Main Showroom,Main Showroom,Main Showroom,Main Showroom,Main Showroom,Main Showroom,Main Showroom,Main Showroom,Main Showroom,Main Showroom,Main Showroom,Main Showroom,Main Showroom,Main Showroom,Main Showroom,Main Showroom,Main Showroom,Main Showroom,Main Showroom,Main Showroom,Main Showroom,Main Showroom,Main Showroom,Main Showroom,Main Showroom,Main Showroom,Main Showroom,Main Showroom,Main Showroom,Main Showroom,Main Showroom,Main Showroom,Main Showroom,Main Showroom,Main Showroom,Main Showroom,Main Showroom,Main Showroom,Main Showroom,Main Showroom,Main Showroom,Main Showroom,Main Showroom,Main Showroom,Main Showroom,Main Showroom,Main Showroom,Main Showroom,Main Showroom,Main Showroom,Main Showroom,Main Showroom,Main Showroom,Main Showroom,Main Showroom,Main Showroom,Main Showroom,Main Showroom,Main Showroom,Main Showroom,Main Showroom,Main Showroom,Main Showroom,Main Showroom,Main Showroom,Main Showroom,Main Showroom,Main Showroom,Main Showroom,Main Showroom,Main Showroom,Main Showroom,Main Showroom,Main Showroom,Main Showroom,Main Showroom,Main Showroom,Main Showroom,Main Showroom,Gulberg,Gulberg,Gulberg,Gulberg
dorado,Main Showroom,Main Showroom,Main Showroom,Main Showroom,Main Showroom,Main Showroom,Main Showroom,Main Showroom,Main Showroom,Main Showroom,Main Showroom,Main Showroom,Main Showroom,Main Showroom,Main Showroom,Main Showroom,Main Showroom,Main Showroom,Main Showroom,Main Showroom,Main Showroom,Main Showroom,Main Showroom,Main Showroom,Main Showroom,Main Showroom,Main Showroom,Main Showroom,Main Showroom,Main Showroom,Main Showroom,Main Showroom,Main Showroom,Main Showroom,Main Showroom,Main Showroom,Main Showroom,Main Showroom,Main Showroom,Main Showroom,Main Showroom,Main Showroom,Main Showroom,Main Showroom,Main Showroom,Main Showroom,Main Showroom,Main Showroom,Main Showroom,Main Showroom,Main Showroom,Main Showroom,Main Showroom,Main Showroom,Main Showroom,Main Showroom,Main Showroom,Main Showroom,Main Showroom,Main Showroom,Main Showroom,Main Showroom,Main Showroom,Main Showroom,Main Showroom,Main Showroom,Main Showroom,Main Showroom,Main Showroom,Main Showroom,Main Showroom,Main Showroom,Main Showroom,Main Showroom,Main Showroom,Main Showroom,Main Showroom,Main Showroom,Main Showroom,Main Showroom,Main Showroom,Main Showroom,Main Showroom,Main Showroom,Main Showroom,Main Showroom,Main Showroom,Main Showroom,Main Showroom,Main Showroom,Main Showroom,Main Showroom,Main Showroom,Main Showroom,Main Showroom,Main Showroom,Main Showroom,Main Showroom,Main Showroom,Main Showroom,Main Showroom,Main Showroom,Main Showroom,Main Showroom,Main Showroom,Main Showroom,Main Showroom,Main Showroom,Main Showroom,Main Showroom,Main Showroom,Main Showroom,Main Showroom,Main Showroom,Main Showroom,Main Showroom,Main Showroom,Main Showroom,Main Showroom,Main Showroom,Main Showroom,Main Showroom,Main Showroom,Main Showroom,Main Showroom,Main Showroom,Main Showroom,Main Showroom
Gulberg,Main Showroom,Main Showroom,Main Showroom,Main Showroom,Main Showroom,Main Showroom,Main Showroom,Main Showroom,Main Showroom,Main Showroom,Main Showroom,Main Showroom,Main Showroom,Main Showroom,Main Showroom,Main Showroom,Main Showroom,Main Showroom,Main Showroom,Main Showroom,alpha,alpha,Main Showroom,Main Showroom,Main Showroom,Main Showroom,Main Showroom,Main Showroom,Main Showroom,Main Showroom,Main Showroom,Main Showroom,alpha,Main Showroom,Main Showroom,Main Showroom,Main Showroom,Main Showroom,Main Showroom,Main Showroom,Main Showroom,Main Showroom,Main Showroom,alpha
Shahdrah,Main Showroom,Main Showroom,Main Showroom,Main Showroom,Main Showroom,Main Showroom,Main Showroom,Main Showroom,Main Showroom,Main Showroom,Main Showroom,Main Showroom,Main Showroom,Main Showroom,Main Showroom,Main Showroom,Askari 10,Askari 10,Askari 10,Askari 10,Askari 10,Askari 10,Askari 10,Askari 10,Askari 10,Askari 10,Askari 10,Askari 10,Askari 10,Askari 10,Askari 10,Askari 10,Askari 10,Askari 10,Askari 10,Askari 10,Askari 10,Askari 10,Askari 10,Askari 10,Askari 10,Askari 10,Askari 10,Askari 10,Askari 10,Askari 10,Askari 10,Askari 10,Askari 10,Askari 10,Askari 10,Askari 10,Askari 10,Askari 10,Askari 10,Askari 10,Askari 10,Askari 10,Askari 10,Askari 10,Askari 10,Askari 10,Askari 10,Askari 10,Askari 10,Askari 10,Askari 10,Askari 10,Askari 10,Askari 10,Askari 10,Askari 10,Askari 10,Askari 10,Askari 10,Askari 10,Askari 10,Askari 10,Askari 10,Askari 10,Main Showroom,Main Showroom,Main Showroom,Main Showroom,Main Showroom,Main Showroom,Main Showroom,Main Showroom,Askari 10,Askari 10,Askari 10,Askari 10,Askari 10,Askari 10,Askari 10,Askari 10,Askari 10,Askari 10,Askari 10,Askari 10,Askari 10,Askari 10,Askari 10,Askari 10,Askari 10,Askari 10,Askari 10,Askari 10,Askari 10,Askari 10,Askari 10,Askari 10,Askari 10,Askari 10,Askari 10,Askari 10,Askari 10,Askari 10,Askari 10,Askari 10,Main Showroom,Main Showroom,Main Showroom,Main Showroom,Askari 10,Askari 10,Askari 10,Askari 10,Askari 10,Askari 10,Askari 10,Askari 10,Askari 10,Askari 10,Askari 10,Askari 10,Askari 10,Askari 10,Askari 10,Askari 10,Main Showroom,Main Showroom,Askari 10,Askari 10,Askari 10,Askari 10,Askari 10,Askari 10,Askari 10,Askari 10,Main Showroom,Askari 10,Askari 10,Askari 10,Askari 10,Askari 10,Askari 10,Askari 10,Askari 10,Main Showroom
,Main Showroom,Main Showroom,Main Showroom,Main Showroom,Main Showroom,Main Showroom,Main Showroom,Main Showroom
Karachi,Main Showroom,Main Showroom
karachi,Main Showroom,Main Showroom
islamabad,Main Showroom,Main Showroom
DHA,Main Showroom,Main Showroom,Main Showroom,Main Showroom,Main Showroom,Main Showroom,Main Showroom,Main Showroom,Main Showroom,Main Showroom,Main Showroom,Main Showroom,Main Showroom,Main Showroom,Main Showroom,Main Showroom,Main Showroom,Main Showroom,Main Showroom,Main Showroom,Main Showroom,Main Showroom,Main Showroom,Main Showroom,Main Showroom,Main Showroom,Main Showroom,Main Showroom
